{
    "BENCHMARK": {
        "BEST_BASELINES": [
            "larx_8_53_61_65",
            "facebook_prophet",
            "seas_182_2"
        ],
        "INFO": {
            "Analyzed nr. series": 10,
            "Average qty thr": 29.0,
            "Avg coverage % of pred over real": "AC%",
            "Best 25% series qty thr": 48.25,
            "Error thresholds": " 33%",
            "Good qty threshold": 0,
            "Good series out of important": "G&I",
            "Good series with 33% max err thr": "GOOD_33",
            "Important ser. w. qty >0.0": "1 %",
            "Importnat ser qty over all": "1 %",
            "Main performance indicator": "G&I_33",
            "Median 50% series qty thr": 30.5,
            "Metric: Period prediction-based deviation": "PPD",
            "Overall over-target predictions": "OVL_OT",
            "Overall total % pred over real (both bad/good)": "OVL_PC",
            "PPD margin": 0,
            "Total % good pred of all series": "PGA",
            "Total % good pred over own targets)": "GQ",
            "Total % good pred over real imp ser": "PQI",
            "Worst 25% series qty thr": 11.25,
            "Wrong preds but over target": "WOT"
        },
        "SERIES": {
            "__TARGET__": [
                102.0,
                24.05,
                11.0,
                30.17,
                14.0,
                18.0,
                33.0,
                22.33,
                11.0,
                19.36
            ],
            "avgh_1": {
                "CONFIDENCE": [
                    1.0,
                    1.0,
                    1.0,
                    1.0,
                    1.0,
                    1.0,
                    1.0,
                    1.0,
                    1.0,
                    1.0
                ],
                "PQI": [
                    1.0,
                    1.0,
                    1.0,
                    1.0,
                    1.0,
                    1.0,
                    1.0,
                    1.0,
                    1.0,
                    1.0
                ],
                "PRED_QTY": [
                    75.92,
                    28.88,
                    31.52,
                    23.28,
                    33.04,
                    41.52,
                    23.68,
                    59.36,
                    26.8,
                    77.6
                ]
            },
            "facebook_prophet": {
                "CONFIDENCE": [
                    1.0,
                    1.0,
                    1.0,
                    1.0,
                    1.0,
                    1.0,
                    1.0,
                    1.0,
                    1.0,
                    1.0
                ],
                "PQI": [
                    1.0,
                    1.0,
                    1.0,
                    1.0,
                    1.0,
                    1.0,
                    1.0,
                    1.0,
                    1.0,
                    1.0
                ],
                "PRED_QTY": [
                    24.92,
                    24.84,
                    12.92,
                    20.99,
                    23.68,
                    30.49,
                    15.83,
                    9.32,
                    47.65,
                    8.65
                ]
            },
            "larx_8_53_61_65": {
                "CONFIDENCE": [
                    1.0,
                    1.0,
                    1.0,
                    1.0,
                    1.0,
                    1.0,
                    1.0,
                    1.0,
                    1.0,
                    1.0
                ],
                "PQI": [
                    1.0,
                    1.0,
                    1.0,
                    1.0,
                    1.0,
                    1.0,
                    1.0,
                    1.0,
                    1.0,
                    1.0
                ],
                "PRED_QTY": [
                    95.47,
                    19.02,
                    16.5,
                    16.98,
                    37.91,
                    31.17,
                    22.6,
                    33.78,
                    8.97,
                    43.67
                ]
            },
            "lin1_30": {
                "CONFIDENCE": [
                    1.0,
                    1.0,
                    1.0,
                    1.0,
                    1.0,
                    1.0,
                    1.0,
                    1.0,
                    1.0,
                    1.0
                ],
                "PQI": [
                    1.0,
                    1.0,
                    1.0,
                    1.0,
                    1.0,
                    1.0,
                    1.0,
                    1.0,
                    1.0,
                    1.0
                ],
                "PRED_QTY": [
                    128.71,
                    24.34,
                    5.13,
                    18.72,
                    58.66,
                    36.94,
                    31.75,
                    34.53,
                    11.86,
                    51.2
                ]
            },
            "lummetry_seer": {
                "CONFIDENCE": [
                    1.0,
                    1.0,
                    1.0,
                    1.0,
                    1.0,
                    1.0,
                    1.0,
                    1.0,
                    1.0,
                    1.0
                ],
                "PQI": [
                    1.0,
                    1.0,
                    1.0,
                    1.0,
                    1.0,
                    1.0,
                    1.0,
                    1.0,
                    1.0,
                    1.0
                ],
                "PRED_QTY": [
                    120.27,
                    29.82,
                    10.35,
                    22.83,
                    15.33,
                    37.57,
                    14.0,
                    37.72,
                    15.61,
                    51.47
                ]
            },
            "seas_182_2": {
                "CONFIDENCE": [
                    1.0,
                    1.0,
                    1.0,
                    1.0,
                    1.0,
                    1.0,
                    1.0,
                    1.0,
                    1.0,
                    1.0
                ],
                "PQI": [
                    1.0,
                    1.0,
                    1.0,
                    1.0,
                    1.0,
                    1.0,
                    1.0,
                    1.0,
                    1.0,
                    1.0
                ],
                "PRED_QTY": [
                    43.8,
                    42.75,
                    25.5,
                    1.0,
                    0.0,
                    34.55,
                    5.5,
                    80.33,
                    5.0,
                    59.2
                ]
            },
            "seas_4_8": {
                "CONFIDENCE": [
                    1.0,
                    1.0,
                    1.0,
                    1.0,
                    1.0,
                    1.0,
                    1.0,
                    1.0,
                    1.0,
                    1.0
                ],
                "PQI": [
                    1.0,
                    1.0,
                    1.0,
                    1.0,
                    1.0,
                    1.0,
                    1.0,
                    1.0,
                    1.0,
                    1.0
                ],
                "PRED_QTY": [
                    68.06,
                    22.13,
                    13.89,
                    23.22,
                    25.06,
                    29.09,
                    20.13,
                    22.07,
                    8.45,
                    35.75
                ]
            }
        },
        "STATS": {
            "LENSv502_VTSTC_4": {
                "AC%_33": 0,
                "G&I_33": 0.75,
                "GOOD_33": 0.75,
                "GQ_33": 0.994,
                "MCODE": "M00",
                "OVL_OT": 0.25,
                "OVL_PC": 0.939,
                "PGA_33": 0.874,
                "PQI_33": 0.874,
                "WOT_33": 0
            },
            "avgh_0": {
                "AC%_33": 0,
                "G&I_33": 0.25,
                "GOOD_33": 0.25,
                "GQ_33": 1,
                "MCODE": "M01",
                "OVL_OT": 0.25,
                "OVL_PC": 0.563,
                "PGA_33": 0.448,
                "PQI_33": 0.448,
                "WOT_33": 0
            },
            "avgh_1": {
                "AC%_33": 0,
                "G&I_33": 0.75,
                "GOOD_33": 0.75,
                "GQ_33": 0.905,
                "MCODE": "M02",
                "OVL_OT": 0.75,
                "OVL_PC": 0.908,
                "PGA_33": 0.882,
                "PQI_33": 0.882,
                "WOT_33": 1
            },
            "lin1_14": {
                "AC%_33": 0,
                "G&I_33": 0,
                "GOOD_33": 0,
                "GQ_33": NaN,
                "MCODE": "M08",
                "OVL_OT": 0.75,
                "OVL_PC": 0.879,
                "PGA_33": 0,
                "PQI_33": 0,
                "WOT_33": 0.75
            },
            "lin1_182": {
                "AC%_33": 0,
                "G&I_33": 0,
                "GOOD_33": 0,
                "GQ_33": NaN,
                "MCODE": "M11",
                "OVL_OT": 0,
                "OVL_PC": 0.207,
                "PGA_33": 0,
                "PQI_33": 0,
                "WOT_33": 0
            },
            "lin1_30": {
                "AC%_33": 0,
                "G&I_33": 0.25,
                "GOOD_33": 0.25,
                "GQ_33": 1,
                "MCODE": "M09",
                "OVL_OT": 0.5,
                "OVL_PC": 0.875,
                "PGA_33": 0.448,
                "PQI_33": 0.448,
                "WOT_33": 0.333
            },
            "lin1_365": {
                "AC%_33": 0,
                "G&I_33": 0,
                "GOOD_33": 0,
                "GQ_33": NaN,
                "MCODE": "M12",
                "OVL_OT": 0,
                "OVL_PC": 0.063,
                "PGA_33": 0,
                "PQI_33": 0,
                "WOT_33": 0
            },
            "lin1_7": {
                "AC%_33": 0,
                "G&I_33": 0,
                "GOOD_33": 0,
                "GQ_33": NaN,
                "MCODE": "M07",
                "OVL_OT": 0.75,
                "OVL_PC": 0.879,
                "PGA_33": 0,
                "PQI_33": 0,
                "WOT_33": 0.75
            },
            "lin1_90": {
                "AC%_33": 0,
                "G&I_33": 0.25,
                "GOOD_33": 0.25,
                "GQ_33": 0.877,
                "MCODE": "M10",
                "OVL_OT": 0,
                "OVL_PC": 0.438,
                "PGA_33": 0.023,
                "PQI_33": 0.023,
                "WOT_33": 0
            },
            "lin2_2_14": {
                "AC%_33": 0,
                "G&I_33": 0.25,
                "GOOD_33": 0.25,
                "GQ_33": 0.934,
                "MCODE": "M14",
                "OVL_OT": 0.25,
                "OVL_PC": 0.837,
                "PGA_33": 0.378,
                "PQI_33": 0.378,
                "WOT_33": 0.333
            },
            "lin2_2_365": {
                "AC%_33": 0,
                "G&I_33": 0,
                "GOOD_33": 0,
                "GQ_33": NaN,
                "MCODE": "M18",
                "OVL_OT": 0.25,
                "OVL_PC": 0.742,
                "PGA_33": 0,
                "PQI_33": 0,
                "WOT_33": 0.25
            },
            "lin2_4_183": {
                "AC%_33": 0,
                "G&I_33": 0,
                "GOOD_33": 0,
                "GQ_33": NaN,
                "MCODE": "M17",
                "OVL_OT": 0.5,
                "OVL_PC": 0.858,
                "PGA_33": 0,
                "PQI_33": 0,
                "WOT_33": 0.5
            },
            "lin2_5_30": {
                "AC%_33": 0,
                "G&I_33": 0,
                "GOOD_33": 0,
                "GQ_33": NaN,
                "MCODE": "M15",
                "OVL_OT": 0.5,
                "OVL_PC": 0.857,
                "PGA_33": 0,
                "PQI_33": 0,
                "WOT_33": 0.5
            },
            "lin2_5_7": {
                "AC%_33": 0,
                "G&I_33": 0,
                "GOOD_33": 0,
                "GQ_33": NaN,
                "MCODE": "M13",
                "OVL_OT": 0.75,
                "OVL_PC": 0.879,
                "PGA_33": 0,
                "PQI_33": 0,
                "WOT_33": 0.75
            },
            "lin2_5_93": {
                "AC%_33": 0,
                "G&I_33": 0,
                "GOOD_33": 0,
                "GQ_33": NaN,
                "MCODE": "M16",
                "OVL_OT": 0.5,
                "OVL_PC": 0.855,
                "PGA_33": 0,
                "PQI_33": 0,
                "WOT_33": 0.5
            },
            "sea2_180_365": {
                "AC%_33": 0,
                "G&I_33": 0.25,
                "GOOD_33": 0.25,
                "GQ_33": 0.989,
                "MCODE": "M21",
                "OVL_OT": 0,
                "OVL_PC": 0.464,
                "PGA_33": 0.401,
                "PQI_33": 0.401,
                "WOT_33": 0
            },
            "sea2_30_180": {
                "AC%_33": 0,
                "G&I_33": 0,
                "GOOD_33": 0,
                "GQ_33": NaN,
                "MCODE": "M20",
                "OVL_OT": 0,
                "OVL_PC": 0.102,
                "PGA_33": 0,
                "PQI_33": 0,
                "WOT_33": 0
            },
            "sea2_30_365": {
                "AC%_33": 0,
                "G&I_33": 0.25,
                "GOOD_33": 0.25,
                "GQ_33": 0.84,
                "MCODE": "M22",
                "OVL_OT": 0,
                "OVL_PC": 0.388,
                "PGA_33": 0.34,
                "PQI_33": 0.34,
                "WOT_33": 0
            },
            "sea2_7_30": {
                "AC%_33": 0,
                "G&I_33": 0,
                "GOOD_33": 0,
                "GQ_33": NaN,
                "MCODE": "M19",
                "OVL_OT": 0,
                "OVL_PC": 0.431,
                "PGA_33": 0,
                "PQI_33": 0,
                "WOT_33": 0
            },
            "sea4_180_365": {
                "AC%_33": 0,
                "G&I_33": 0.25,
                "GOOD_33": 0.25,
                "GQ_33": 0.993,
                "MCODE": "M25",
                "OVL_OT": 0,
                "OVL_PC": 0.46,
                "PGA_33": 0.402,
                "PQI_33": 0.402,
                "WOT_33": 0
            },
            "sea4_30_180": {
                "AC%_33": 0,
                "G&I_33": 0,
                "GOOD_33": 0,
                "GQ_33": NaN,
                "MCODE": "M24",
                "OVL_OT": 0,
                "OVL_PC": 0.099,
                "PGA_33": 0,
                "PQI_33": 0,
                "WOT_33": 0
            },
            "sea4_30_365": {
                "AC%_33": 0,
                "G&I_33": 0.25,
                "GOOD_33": 0.25,
                "GQ_33": 0.842,
                "MCODE": "M26",
                "OVL_OT": 0,
                "OVL_PC": 0.389,
                "PGA_33": 0.341,
                "PQI_33": 0.341,
                "WOT_33": 0
            },
            "sea4_7_30": {
                "AC%_33": 0,
                "G&I_33": 0,
                "GOOD_33": 0,
                "GQ_33": NaN,
                "MCODE": "M23",
                "OVL_OT": 0,
                "OVL_PC": 0.283,
                "PGA_33": 0,
                "PQI_33": 0,
                "WOT_33": 0
            },
            "seas_182_2": {
                "AC%_33": 0,
                "G&I_33": 0,
                "GOOD_33": 0,
                "GQ_33": NaN,
                "MCODE": "M05",
                "OVL_OT": 0,
                "OVL_PC": 0.233,
                "PGA_33": 0,
                "PQI_33": 0,
                "WOT_33": 0
            },
            "seas_30_6": {
                "AC%_33": 0,
                "G&I_33": 0,
                "GOOD_33": 0,
                "GQ_33": NaN,
                "MCODE": "M04",
                "OVL_OT": 0,
                "OVL_PC": 0.036,
                "PGA_33": 0,
                "PQI_33": 0,
                "WOT_33": 0
            },
            "seas_365_2": {
                "AC%_33": 0,
                "G&I_33": 0,
                "GOOD_33": 0,
                "GQ_33": NaN,
                "MCODE": "M06",
                "OVL_OT": 0.25,
                "OVL_PC": 0.474,
                "PGA_33": 0,
                "PQI_33": 0,
                "WOT_33": 0.25
            },
            "seas_7_8": {
                "AC%_33": 0,
                "G&I_33": 0,
                "GOOD_33": 0,
                "GQ_33": NaN,
                "MCODE": "M03",
                "OVL_OT": 0,
                "OVL_PC": 0.305,
                "PGA_33": 0,
                "PQI_33": 0,
                "WOT_33": 0
            }
        }
    },
    "DATASET_INFO": {
        "CONFIG_PREPARED_UP_TO": "2021-02-22 00:00:00",
        "CONFIG_PRESENT_DATE": "2021-02-22 00:00:00",
        "CONFIG_START_DATE": "2017-01-02 00:00:00",
        "NO_SERIES_AVAIL": 10,
        "PREPARED_SERIES_DAYS": 217
    },
    "RESULTS": {
        "avgh_1": {
            "DESC": "Simple heuristic - Average over the whole analysed weeks history",
            "PRED": [
                [
                    9.49,
                    9.49,
                    9.49,
                    9.49,
                    9.49,
                    9.49,
                    9.49,
                    9.49
                ],
                [
                    3.61,
                    3.61,
                    3.61,
                    3.61,
                    3.61,
                    3.61,
                    3.61,
                    3.61
                ],
                [
                    3.94,
                    3.94,
                    3.94,
                    3.94,
                    3.94,
                    3.94,
                    3.94,
                    3.94
                ],
                [
                    2.91,
                    2.91,
                    2.91,
                    2.91,
                    2.91,
                    2.91,
                    2.91,
                    2.91
                ],
                [
                    4.13,
                    4.13,
                    4.13,
                    4.13,
                    4.13,
                    4.13,
                    4.13,
                    4.13
                ],
                [
                    5.19,
                    5.19,
                    5.19,
                    5.19,
                    5.19,
                    5.19,
                    5.19,
                    5.19
                ],
                [
                    2.96,
                    2.96,
                    2.96,
                    2.96,
                    2.96,
                    2.96,
                    2.96,
                    2.96
                ],
                [
                    7.42,
                    7.42,
                    7.42,
                    7.42,
                    7.42,
                    7.42,
                    7.42,
                    7.42
                ],
                [
                    3.35,
                    3.35,
                    3.35,
                    3.35,
                    3.35,
                    3.35,
                    3.35,
                    3.35
                ],
                [
                    9.7,
                    9.7,
                    9.7,
                    9.7,
                    9.7,
                    9.7,
                    9.7,
                    9.7
                ]
            ]
        },
        "facebook_prophet": {
            "DESC": "Facebook Prophet Model",
            "PRED": [
                [
                    11.23,
                    2.41,
                    0.26,
                    2.39,
                    3.13,
                    2.48,
                    1.37,
                    1.65
                ],
                [
                    3.02,
                    3.06,
                    3.39,
                    3.4,
                    3.13,
                    2.51,
                    2.5,
                    3.83
                ],
                [
                    -0.69,
                    -0.55,
                    0.67,
                    2.16,
                    2.43,
                    3.22,
                    3.15,
                    2.53
                ],
                [
                    3.5,
                    2.71,
                    3.45,
                    2.41,
                    2.58,
                    1.76,
                    1.93,
                    2.65
                ],
                [
                    2.92,
                    2.8,
                    2.85,
                    2.89,
                    3.04,
                    3.01,
                    3.12,
                    3.05
                ],
                [
                    3.6,
                    5.07,
                    5.09,
                    4.93,
                    3.36,
                    3.43,
                    2.73,
                    2.28
                ],
                [
                    2.05,
                    2.07,
                    1.89,
                    1.89,
                    2.08,
                    1.62,
                    1.88,
                    2.35
                ],
                [
                    0.72,
                    1.78,
                    3.02,
                    2.32,
                    0.08,
                    -0.32,
                    0.26,
                    1.46
                ],
                [
                    7.74,
                    10.39,
                    9.74,
                    6.4,
                    3.01,
                    2.54,
                    3.25,
                    4.58
                ],
                [
                    3.14,
                    -0.23,
                    -1.63,
                    0.13,
                    2.09,
                    3.11,
                    1.46,
                    0.58
                ]
            ]
        },
        "larx_8_53_61_65": {
            "DESC": "Lummetry Baseline model - Auto-regressive model with season pattern discovery that takes into account last 8 weeks and similar last year",
            "PRED": [
                [
                    26.36,
                    19.69,
                    11.44,
                    6.9,
                    2.81,
                    3.28,
                    10.26,
                    14.73
                ],
                [
                    2.8,
                    1.9,
                    1.91,
                    2.06,
                    2.68,
                    3.0,
                    2.29,
                    2.38
                ],
                [
                    2.36,
                    2.02,
                    1.95,
                    2.7,
                    2.88,
                    2.34,
                    0.85,
                    1.4
                ],
                [
                    0.3,
                    3.1,
                    0.95,
                    2.6,
                    4.08,
                    1.56,
                    0.98,
                    3.41
                ],
                [
                    8.18,
                    0.26,
                    8.85,
                    6.64,
                    0.0,
                    10.0,
                    1.15,
                    2.83
                ],
                [
                    3.07,
                    3.62,
                    4.76,
                    3.38,
                    2.8,
                    4.39,
                    5.16,
                    3.99
                ],
                [
                    5.06,
                    0.76,
                    3.44,
                    1.32,
                    3.09,
                    6.05,
                    0.62,
                    2.26
                ],
                [
                    5.73,
                    6.34,
                    0.0,
                    7.58,
                    1.7,
                    5.51,
                    5.8,
                    1.12
                ],
                [
                    0.41,
                    2.61,
                    2.52,
                    1.06,
                    0.64,
                    0.0,
                    1.73,
                    0.0
                ],
                [
                    9.78,
                    7.26,
                    3.68,
                    6.57,
                    3.77,
                    4.15,
                    3.08,
                    5.38
                ]
            ]
        },
        "lin1_30": {
            "DESC": "Simple heuristic - Continuation of last 30 weeks trend.",
            "PRED": [
                [
                    13.23,
                    14.22,
                    14.87,
                    15.82,
                    16.52,
                    17.23,
                    17.99,
                    18.83
                ],
                [
                    3.13,
                    3.01,
                    3.12,
                    3.05,
                    3.04,
                    3.0,
                    3.03,
                    2.96
                ],
                [
                    0.71,
                    0.5,
                    1.0,
                    0.77,
                    0.72,
                    0.53,
                    0.58,
                    0.32
                ],
                [
                    2.88,
                    2.68,
                    2.65,
                    2.4,
                    2.09,
                    2.18,
                    1.85,
                    1.99
                ],
                [
                    5.99,
                    6.36,
                    6.74,
                    7.13,
                    7.52,
                    7.91,
                    8.31,
                    8.7
                ],
                [
                    4.34,
                    4.31,
                    4.54,
                    4.56,
                    4.55,
                    4.7,
                    4.81,
                    5.13
                ],
                [
                    3.77,
                    3.84,
                    3.89,
                    3.92,
                    3.93,
                    3.92,
                    4.24,
                    4.24
                ],
                [
                    3.88,
                    4.06,
                    4.1,
                    4.31,
                    4.34,
                    4.5,
                    4.58,
                    4.76
                ],
                [
                    1.34,
                    1.31,
                    1.43,
                    1.49,
                    1.55,
                    1.55,
                    1.6,
                    1.59
                ],
                [
                    5.92,
                    5.98,
                    6.21,
                    6.29,
                    6.53,
                    6.57,
                    6.71,
                    6.99
                ]
            ]
        },
        "lummetry_seer": {
            "DESC": "Lummetry Deep Learning SotA model",
            "PRED": [
                [
                    13.17,
                    15.25,
                    17.82,
                    18.28,
                    15.11,
                    13.37,
                    14.06,
                    13.21
                ],
                [
                    2.75,
                    3.23,
                    4.56,
                    3.82,
                    3.98,
                    3.6,
                    4.38,
                    3.5
                ],
                [
                    2.77,
                    7.28,
                    0.05,
                    0.05,
                    0.05,
                    0.05,
                    0.05,
                    0.05
                ],
                [
                    2.49,
                    3.25,
                    3.84,
                    0.54,
                    3.13,
                    3.22,
                    3.3,
                    3.06
                ],
                [
                    2.45,
                    3.52,
                    3.72,
                    0.17,
                    2.79,
                    0.11,
                    0.16,
                    2.41
                ],
                [
                    3.38,
                    4.68,
                    5.86,
                    4.99,
                    4.59,
                    4.39,
                    4.93,
                    4.75
                ],
                [
                    0.13,
                    2.84,
                    0.23,
                    0.44,
                    2.32,
                    3.75,
                    2.22,
                    2.07
                ],
                [
                    4.09,
                    5.37,
                    7.14,
                    2.98,
                    4.92,
                    5.19,
                    5.87,
                    2.16
                ],
                [
                    2.14,
                    3.24,
                    1.07,
                    1.02,
                    0.91,
                    2.79,
                    3.56,
                    0.88
                ],
                [
                    5.94,
                    7.9,
                    8.39,
                    7.92,
                    7.9,
                    4.86,
                    4.79,
                    3.77
                ]
            ]
        },
        "seas_182_2": {
            "DESC": "Lummetry Baseline model - Repetitions from 182 to 182 weeks looking back and weighting 2 periods (older is less important)",
            "PRED": [
                [
                    9.15,
                    5.0,
                    7.05,
                    6.0,
                    4.1,
                    10.0,
                    0.25,
                    2.25
                ],
                [
                    4.6,
                    6.05,
                    4.55,
                    5.05,
                    5.7,
                    3.45,
                    6.15,
                    7.2
                ],
                [
                    1.0,
                    2.0,
                    4.5,
                    2.0,
                    9.0,
                    2.5,
                    0.5,
                    4.0
                ],
                [
                    0.0,
                    0.0,
                    0.0,
                    0.0,
                    1.0,
                    0.0,
                    0.0,
                    0.0
                ],
                [
                    0.0,
                    0.0,
                    0.0,
                    0.0,
                    0.0,
                    0.0,
                    0.0,
                    0.0
                ],
                [
                    2.4,
                    3.0,
                    2.15,
                    2.75,
                    4.4,
                    4.25,
                    5.25,
                    10.35
                ],
                [
                    0.0,
                    2.0,
                    3.5,
                    0.0,
                    0.0,
                    0.0,
                    0.0,
                    0.0
                ],
                [
                    11.67,
                    11.0,
                    16.0,
                    7.0,
                    9.0,
                    11.0,
                    9.33,
                    5.33
                ],
                [
                    1.0,
                    0.0,
                    0.0,
                    1.0,
                    1.0,
                    1.0,
                    1.0,
                    0.0
                ],
                [
                    9.03,
                    9.33,
                    5.4,
                    4.77,
                    13.0,
                    11.33,
                    0.67,
                    5.67
                ]
            ]
        },
        "seas_4_8": {
            "DESC": "Lummetry Baseline model - Repetitions from 4 to 4 weeks looking back and weighting 8 periods (older is less important)",
            "PRED": [
                [
                    6.86,
                    6.62,
                    9.93,
                    9.88,
                    7.04,
                    6.92,
                    10.37,
                    10.44
                ],
                [
                    2.01,
                    2.91,
                    2.44,
                    3.66,
                    2.01,
                    2.92,
                    2.51,
                    3.67
                ],
                [
                    1.31,
                    1.53,
                    2.9,
                    1.39,
                    1.29,
                    1.53,
                    2.84,
                    1.1
                ],
                [
                    4.86,
                    1.67,
                    2.94,
                    2.11,
                    4.89,
                    1.62,
                    3.02,
                    2.11
                ],
                [
                    2.0,
                    4.0,
                    2.36,
                    3.69,
                    2.17,
                    4.33,
                    2.55,
                    3.96
                ],
                [
                    3.15,
                    4.77,
                    4.05,
                    2.5,
                    3.12,
                    4.87,
                    4.17,
                    2.46
                ],
                [
                    1.75,
                    2.22,
                    2.72,
                    3.17,
                    1.89,
                    2.35,
                    2.77,
                    3.26
                ],
                [
                    1.79,
                    2.89,
                    3.5,
                    2.64,
                    1.83,
                    3.06,
                    3.64,
                    2.72
                ],
                [
                    1.17,
                    0.86,
                    1.22,
                    0.92,
                    1.23,
                    0.91,
                    1.27,
                    0.87
                ],
                [
                    4.49,
                    3.27,
                    6.46,
                    3.35,
                    4.67,
                    3.33,
                    6.76,
                    3.42
                ]
            ]
        }
    },
    "Y_PAST": [
        [
            15.0,
            9.35,
            8.0,
            5.7,
            7.8,
            6.5,
            7.0,
            7.0,
            6.6,
            10.15,
            7.25,
            8.5,
            3.0,
            14.5,
            44.0,
            26.0,
            14.5,
            14.1,
            10.0,
            6.4,
            6.0,
            10.0,
            7.5,
            8.1,
            4.4,
            5.2,
            7.5,
            9.15,
            5.0,
            7.05,
            6.0,
            4.1,
            10.0,
            0.25,
            2.25,
            3.5,
            3.5,
            3.5,
            4.0,
            4.0,
            5.8,
            5.2,
            4.5,
            6.5,
            4.5,
            8.1,
            2.7,
            21.3,
            21.5,
            30.5,
            63.5,
            60.0,
            15.5,
            13.9,
            3.0,
            5.3,
            5.0,
            7.0,
            9.0,
            11.0,
            4.0,
            8.2,
            8.25,
            4.5,
            8.5,
            31.0,
            19.75,
            11.0,
            2.5,
            4.5,
            6.0,
            9.5,
            1.5,
            7.5,
            10.0,
            11.0,
            7.5,
            6.5,
            6.5,
            5.0,
            6.0,
            4.0,
            5.0,
            6.1,
            14.9,
            4.45,
            5.55,
            12.0,
            11.2,
            2.8,
            7.5,
            5.4,
            5.1,
            6.15,
            7.0,
            4.0,
            10.0,
            8.0,
            13.65,
            5.0,
            28.2,
            43.0,
            69.0,
            48.0,
            19.2,
            14.0,
            6.5,
            9.0,
            8.5,
            4.0,
            7.5,
            1.0,
            5.0,
            4.8,
            5.5,
            3.25,
            4.5,
            9.05,
            12.7,
            7.0,
            17.0,
            5.5,
            7.5,
            2.5,
            4.75,
            5.25,
            3.5,
            4.1,
            1.0,
            9.0,
            2.0,
            1.0,
            4.0,
            6.15,
            7.25,
            2.0,
            3.5,
            2.5,
            9.0,
            2.5,
            8.0,
            4.0,
            4.0,
            37.7,
            29.3,
            14.5,
            26.0,
            18.15,
            4.35,
            4.0,
            12.0,
            2.0,
            19.25,
            16.0,
            22.0,
            23.0,
            18.05,
            7.7,
            7.0,
            6.5,
            3.5,
            4.0,
            12.0,
            3.0,
            5.0,
            3.0,
            9.0,
            4.0,
            1.0,
            6.0,
            13.0,
            11.0,
            9.5,
            5.0,
            3.5,
            9.5,
            2.5,
            4.0,
            6.0,
            8.5,
            2.5,
            6.5,
            2.1,
            2.4,
            3.0,
            4.0,
            0.0,
            2.0,
            3.0,
            3.0,
            4.0,
            6.0,
            1.0,
            2.0,
            3.0,
            6.0,
            13.0,
            13.0,
            8.0,
            9.0,
            7.5,
            10.0,
            3.0,
            6.0,
            4.0,
            6.0,
            16.0,
            23.5,
            24.5
        ],
        [
            3.75,
            1.45,
            0.35,
            2.95,
            4.05,
            5.55,
            2.1,
            2.35,
            4.65,
            3.1,
            3.3,
            1.3,
            2.65,
            3.1,
            4.4,
            2.7,
            2.85,
            6.85,
            1.75,
            3.15,
            3.15,
            4.6,
            5.85,
            4.15,
            3.0,
            1.3,
            3.75,
            4.6,
            6.05,
            4.55,
            5.05,
            5.7,
            3.45,
            6.15,
            7.2,
            5.3,
            4.2,
            5.35,
            4.7,
            2.3,
            7.5,
            6.4,
            4.0,
            3.9,
            1.9,
            5.7,
            5.95,
            7.0,
            3.3,
            5.35,
            7.95,
            5.0,
            4.3,
            2.1,
            4.0,
            1.25,
            2.8,
            3.1,
            3.7,
            4.35,
            5.2,
            2.85,
            1.75,
            1.45,
            2.2,
            2.45,
            1.85,
            4.4,
            0.8,
            1.35,
            2.8,
            1.1,
            3.2,
            0.5,
            4.0,
            3.7,
            2.8,
            3.35,
            2.85,
            1.65,
            0.75,
            0.15,
            3.1,
            5.3,
            6.75,
            6.2,
            7.65,
            5.8,
            3.9,
            1.9,
            2.55,
            1.8,
            3.0,
            3.95,
            2.0,
            2.6,
            2.9,
            2.05,
            2.85,
            0.5,
            1.25,
            2.1,
            2.65,
            3.95,
            2.35,
            1.9,
            5.85,
            8.35,
            3.25,
            3.45,
            3.05,
            2.8,
            3.15,
            4.2,
            0.6,
            2.7,
            3.9,
            3.25,
            6.5,
            5.6,
            3.55,
            3.9,
            2.3,
            3.75,
            3.55,
            3.05,
            3.3,
            3.5,
            3.1,
            4.0,
            3.0,
            2.05,
            2.0,
            5.95,
            0.55,
            5.3,
            3.1,
            3.35,
            5.8,
            11.3,
            6.5,
            1.7,
            5.5,
            3.05,
            3.45,
            1.15,
            4.1,
            3.35,
            6.9,
            4.9,
            2.6,
            1.25,
            2.35,
            9.15,
            3.3,
            3.95,
            2.3,
            3.55,
            7.55,
            1.65,
            4.6,
            0.9,
            1.05,
            4.5,
            3.8,
            11.2,
            22.45,
            12.1,
            4.6,
            3.4,
            2.75,
            3.25,
            1.1,
            2.45,
            3.1,
            2.2,
            2.05,
            3.05,
            1.3,
            0.15,
            3.95,
            1.05,
            2.2,
            1.95,
            3.1,
            1.65,
            6.7,
            2.1,
            3.1,
            1.35,
            1.4,
            1.6,
            3.2,
            2.05,
            1.65,
            3.1,
            2.45,
            1.75,
            4.0,
            2.0,
            7.0,
            3.55,
            4.35,
            4.4,
            3.95,
            1.4,
            1.35,
            1.6,
            2.2
        ],
        [
            1.5,
            2.0,
            3.5,
            2.75,
            4.5,
            5.0,
            10.0,
            7.0,
            0.5,
            2.0,
            5.5,
            2.0,
            2.0,
            1.0,
            0.0,
            2.0,
            7.5,
            0.2,
            0.5,
            2.0,
            3.0,
            1.5,
            4.0,
            0.75,
            10.0,
            3.0,
            9.15,
            1.0,
            2.0,
            4.5,
            2.0,
            9.0,
            2.5,
            0.5,
            4.0,
            0.0,
            2.0,
            3.0,
            0.0,
            1.0,
            9.0,
            0.0,
            2.0,
            0.0,
            20.0,
            3.0,
            4.5,
            3.0,
            3.0,
            1.2,
            23.0,
            8.0,
            0.0,
            3.0,
            3.15,
            3.0,
            5.0,
            9.0,
            1.5,
            4.65,
            10.5,
            1.0,
            4.0,
            1.0,
            8.0,
            7.0,
            0.0,
            6.0,
            1.0,
            6.5,
            4.0,
            11.5,
            12.25,
            0.0,
            0.0,
            7.0,
            1.0,
            0.95,
            5.3,
            4.0,
            2.0,
            2.0,
            24.5,
            0.0,
            9.0,
            1.0,
            4.0,
            2.0,
            3.0,
            6.0,
            1.0,
            1.0,
            5.5,
            3.0,
            12.0,
            1.0,
            4.5,
            15.0,
            4.0,
            1.0,
            2.5,
            7.5,
            6.5,
            2.0,
            2.0,
            0.0,
            2.0,
            5.5,
            3.0,
            3.0,
            1.0,
            10.0,
            1.5,
            1.0,
            0.0,
            3.0,
            3.5,
            0.0,
            5.0,
            0.0,
            6.5,
            0.0,
            1.0,
            12.0,
            0.0,
            0.0,
            0.0,
            2.0,
            1.5,
            0.5,
            1.0,
            0.0,
            0.0,
            0.0,
            2.0,
            0.0,
            2.0,
            0.0,
            1.0,
            4.0,
            2.0,
            1.0,
            1.0,
            0.5,
            1.0,
            5.0,
            1.0,
            3.0,
            2.0,
            1.0,
            5.0,
            0.0,
            1.0,
            5.5,
            4.0,
            4.0,
            0.0,
            3.0,
            3.0,
            0.0,
            0.0,
            6.5,
            4.0,
            0.0,
            5.5,
            0.0,
            1.0,
            0.0,
            4.0,
            1.5,
            4.0,
            0.0,
            4.5,
            2.0,
            1.0,
            1.0,
            6.0,
            4.0,
            0.0,
            2.0,
            12.0,
            0.0,
            3.0,
            1.0,
            4.5,
            0.0,
            1.0,
            10.5,
            1.0,
            2.0,
            2.0,
            1.0,
            0.0,
            0.0,
            3.0,
            6.0,
            1.0,
            2.0,
            0.0,
            1.0,
            0.0,
            1.0,
            1.0,
            3.0,
            3.0,
            2.0,
            2.0,
            1.0,
            0.0
        ],
        [
            0.0,
            0.0,
            0.0,
            0.0,
            0.0,
            0.0,
            0.0,
            0.0,
            0.0,
            0.0,
            1.0,
            0.0,
            0.0,
            0.0,
            0.0,
            0.0,
            0.0,
            0.0,
            1.0,
            0.0,
            0.0,
            0.0,
            0.0,
            0.0,
            0.0,
            0.0,
            1.0,
            0.0,
            0.0,
            0.0,
            0.0,
            1.0,
            0.0,
            0.0,
            0.0,
            2.0,
            0.0,
            0.0,
            0.0,
            0.0,
            0.0,
            0.0,
            0.0,
            0.0,
            0.0,
            0.0,
            0.0,
            0.0,
            0.0,
            0.0,
            0.0,
            0.0,
            0.0,
            0.0,
            0.0,
            0.0,
            0.0,
            0.0,
            0.0,
            0.0,
            0.0,
            0.0,
            0.0,
            1.0,
            0.0,
            0.0,
            0.0,
            0.0,
            0.0,
            0.0,
            0.0,
            0.0,
            0.0,
            0.0,
            0.0,
            0.0,
            0.0,
            0.0,
            0.0,
            1.0,
            0.0,
            0.0,
            0.0,
            0.0,
            0.0,
            0.0,
            0.0,
            3.0,
            0.0,
            1.0,
            0.0,
            0.0,
            0.0,
            1.0,
            0.0,
            1.0,
            3.0,
            0.0,
            1.0,
            0.0,
            1.0,
            2.0,
            2.0,
            0.0,
            0.0,
            0.0,
            2.0,
            4.0,
            0.0,
            0.0,
            0.0,
            0.0,
            0.0,
            3.0,
            0.0,
            2.0,
            0.0,
            0.0,
            0.0,
            0.0,
            6.0,
            0.0,
            0.0,
            1.0,
            1.0,
            0.0,
            4.0,
            0.0,
            0.0,
            4.0,
            6.0,
            0.0,
            0.0,
            0.0,
            1.0,
            0.5,
            2.0,
            0.0,
            2.0,
            0.0,
            0.0,
            1.0,
            0.0,
            4.5,
            7.0,
            1.0,
            0.0,
            2.0,
            2.0,
            0.0,
            1.0,
            2.0,
            6.0,
            2.0,
            0.0,
            2.0,
            0.0,
            9.0,
            1.0,
            1.0,
            3.0,
            0.0,
            0.0,
            0.0,
            3.0,
            6.0,
            0.0,
            0.0,
            2.0,
            0.0,
            1.0,
            0.0,
            3.0,
            1.0,
            6.0,
            0.0,
            2.0,
            3.0,
            3.0,
            0.0,
            3.0,
            0.0,
            0.0,
            6.0,
            0.0,
            7.0,
            3.0,
            3.0,
            2.0,
            9.0,
            4.0,
            1.0,
            3.0,
            8.0,
            0.0,
            2.0,
            2.0,
            2.0,
            4.0,
            0.0,
            4.0,
            9.0,
            0.0,
            1.0,
            3.0,
            0.0,
            1.0,
            8.0,
            0.0
        ],
        [
            0.0,
            0.0,
            0.0,
            0.0,
            0.0,
            0.0,
            0.0,
            0.0,
            0.0,
            0.0,
            0.0,
            0.0,
            0.0,
            0.0,
            0.0,
            0.0,
            0.0,
            0.0,
            0.0,
            0.0,
            0.0,
            0.0,
            0.0,
            0.0,
            0.0,
            0.0,
            0.0,
            0.0,
            0.0,
            0.0,
            0.0,
            0.0,
            0.0,
            0.0,
            0.0,
            0.0,
            0.0,
            0.0,
            0.0,
            0.0,
            0.0,
            0.0,
            0.0,
            0.0,
            0.0,
            0.0,
            0.0,
            0.0,
            0.0,
            0.0,
            0.0,
            0.0,
            0.0,
            0.0,
            0.0,
            0.0,
            0.0,
            0.0,
            0.0,
            0.0,
            0.0,
            0.0,
            0.0,
            0.0,
            0.0,
            0.0,
            0.0,
            0.0,
            0.0,
            0.0,
            0.0,
            0.0,
            0.0,
            0.0,
            0.0,
            0.0,
            0.0,
            0.0,
            0.0,
            0.0,
            0.0,
            0.0,
            0.0,
            0.0,
            0.0,
            0.0,
            0.0,
            0.0,
            0.0,
            0.0,
            0.0,
            0.0,
            0.0,
            0.0,
            0.0,
            0.0,
            0.0,
            0.0,
            0.0,
            0.0,
            0.0,
            0.0,
            0.0,
            0.0,
            0.0,
            0.0,
            0.0,
            0.0,
            0.0,
            0.0,
            0.0,
            0.0,
            0.0,
            0.0,
            0.0,
            0.0,
            0.0,
            0.0,
            0.0,
            0.0,
            0.0,
            0.0,
            0.0,
            0.0,
            0.0,
            0.0,
            0.0,
            0.0,
            0.0,
            0.0,
            0.0,
            0.0,
            0.0,
            0.0,
            0.0,
            0.0,
            0.0,
            0.0,
            0.0,
            0.0,
            0.0,
            0.0,
            0.0,
            0.0,
            0.0,
            0.0,
            0.0,
            0.0,
            0.0,
            0.0,
            0.0,
            0.0,
            0.0,
            0.0,
            0.0,
            0.0,
            0.0,
            0.0,
            0.0,
            0.0,
            0.0,
            0.0,
            0.0,
            0.0,
            0.0,
            0.0,
            0.0,
            0.0,
            0.0,
            0.0,
            0.0,
            0.0,
            0.0,
            0.0,
            0.0,
            0.0,
            0.0,
            0.0,
            0.0,
            0.0,
            0.0,
            0.0,
            0.0,
            0.0,
            0.0,
            0.0,
            0.0,
            0.0,
            0.0,
            0.0,
            0.0,
            0.0,
            1.0,
            1.0,
            1.0,
            1.0,
            3.0,
            0.0,
            4.0,
            0.0,
            4.0,
            5.0,
            5.0,
            8.0,
            6.0,
            4.0,
            10.0,
            3.0,
            6.0
        ],
        [
            3.1,
            8.0,
            7.4,
            10.5,
            5.15,
            7.35,
            9.0,
            6.65,
            3.85,
            4.25,
            4.65,
            5.2,
            5.9,
            5.15,
            2.65,
            2.5,
            3.5,
            5.7,
            9.0,
            7.8,
            3.1,
            3.5,
            3.5,
            4.6,
            6.5,
            0.8,
            4.15,
            2.4,
            3.0,
            2.15,
            2.75,
            4.4,
            4.25,
            5.25,
            10.35,
            10.5,
            3.0,
            2.5,
            4.5,
            4.75,
            9.75,
            4.5,
            3.3,
            2.0,
            6.2,
            5.8,
            8.5,
            9.55,
            5.25,
            12.25,
            8.0,
            5.3,
            7.35,
            7.5,
            6.3,
            5.0,
            7.35,
            5.35,
            4.1,
            4.0,
            5.4,
            6.0,
            5.0,
            11.0,
            5.5,
            5.5,
            6.75,
            6.45,
            2.0,
            1.3,
            4.0,
            3.5,
            7.0,
            5.5,
            2.0,
            7.0,
            10.0,
            3.0,
            1.0,
            5.25,
            12.0,
            6.2,
            5.8,
            8.0,
            7.0,
            6.25,
            5.0,
            9.0,
            10.0,
            3.0,
            6.0,
            1.55,
            6.15,
            7.8,
            5.5,
            4.9,
            3.0,
            4.1,
            3.0,
            5.5,
            3.75,
            7.9,
            3.0,
            7.35,
            7.5,
            9.0,
            6.0,
            7.0,
            6.85,
            9.2,
            5.5,
            2.95,
            8.5,
            4.5,
            5.5,
            4.7,
            3.1,
            3.6,
            5.5,
            4.2,
            6.15,
            7.6,
            6.6,
            7.55,
            6.5,
            6.3,
            4.5,
            8.7,
            5.5,
            6.6,
            2.6,
            2.75,
            5.0,
            6.55,
            5.5,
            8.7,
            6.8,
            6.2,
            6.5,
            5.65,
            3.0,
            4.0,
            2.5,
            6.0,
            4.0,
            2.5,
            8.0,
            0.75,
            7.2,
            10.0,
            8.7,
            10.0,
            2.2,
            5.15,
            9.1,
            7.0,
            5.0,
            4.0,
            7.5,
            7.0,
            4.0,
            1.0,
            5.35,
            0.0,
            0.0,
            0.0,
            2.0,
            0.0,
            0.0,
            1.0,
            1.0,
            4.0,
            0.0,
            3.5,
            1.4,
            0.0,
            0.0,
            5.0,
            6.0,
            1.0,
            5.0,
            1.5,
            1.5,
            4.0,
            3.05,
            6.0,
            1.0,
            2.0,
            0.0,
            1.0,
            5.0,
            1.0,
            3.0,
            3.0,
            3.0,
            7.95,
            2.0,
            3.4,
            9.0,
            1.0,
            3.3,
            4.0,
            3.25,
            7.0,
            3.0,
            2.5,
            6.0,
            4.0,
            2.0
        ],
        [
            0.0,
            0.0,
            0.0,
            0.0,
            0.0,
            0.0,
            0.0,
            0.0,
            1.0,
            1.0,
            0.0,
            0.0,
            2.0,
            1.0,
            0.0,
            0.0,
            0.0,
            4.0,
            0.0,
            2.0,
            0.0,
            0.0,
            6.0,
            0.0,
            1.0,
            0.0,
            1.0,
            0.0,
            2.0,
            3.5,
            0.0,
            0.0,
            0.0,
            0.0,
            0.0,
            0.0,
            0.0,
            0.0,
            0.0,
            1.0,
            1.0,
            0.0,
            0.0,
            0.0,
            0.0,
            0.0,
            0.0,
            4.0,
            3.0,
            0.0,
            1.0,
            0.0,
            0.0,
            0.0,
            1.0,
            0.0,
            0.0,
            0.0,
            0.0,
            0.0,
            0.0,
            0.0,
            6.0,
            0.0,
            0.0,
            0.0,
            0.0,
            0.0,
            0.0,
            0.0,
            0.0,
            1.0,
            0.0,
            0.0,
            0.33,
            0.0,
            3.0,
            1.0,
            0.0,
            0.0,
            0.0,
            0.0,
            1.0,
            0.0,
            0.0,
            0.0,
            0.0,
            0.0,
            0.0,
            0.0,
            0.0,
            0.0,
            3.0,
            0.0,
            0.0,
            0.0,
            0.0,
            0.0,
            0.0,
            4.0,
            0.0,
            1.0,
            0.0,
            0.0,
            0.0,
            0.0,
            2.0,
            0.0,
            0.0,
            2.0,
            0.0,
            2.0,
            0.0,
            0.0,
            0.0,
            1.0,
            0.0,
            2.0,
            0.0,
            1.0,
            0.0,
            2.0,
            0.0,
            0.0,
            1.0,
            0.0,
            1.0,
            3.0,
            1.0,
            5.0,
            2.0,
            0.0,
            2.0,
            0.0,
            6.0,
            2.0,
            0.0,
            0.0,
            0.0,
            0.0,
            4.0,
            4.0,
            0.0,
            11.0,
            2.17,
            2.0,
            6.0,
            1.0,
            3.0,
            5.0,
            3.0,
            3.0,
            4.0,
            9.0,
            8.0,
            0.0,
            0.0,
            4.0,
            0.0,
            0.0,
            2.0,
            1.0,
            0.0,
            0.0,
            5.0,
            6.0,
            4.0,
            1.0,
            3.0,
            3.0,
            6.0,
            1.0,
            0.0,
            1.0,
            4.0,
            2.0,
            3.0,
            0.0,
            1.0,
            0.0,
            0.0,
            0.0,
            0.0,
            0.0,
            5.0,
            0.0,
            1.0,
            5.0,
            0.0,
            0.0,
            1.0,
            4.0,
            2.0,
            0.0,
            1.0,
            4.0,
            4.0,
            1.0,
            0.0,
            2.0,
            6.0,
            7.0,
            5.0,
            5.0,
            0.0,
            1.0,
            4.0,
            0.0,
            5.0
        ],
        [
            6.13,
            10.0,
            21.33,
            7.2,
            17.67,
            11.33,
            11.0,
            9.43,
            12.33,
            7.0,
            14.57,
            9.0,
            6.0,
            5.33,
            12.33,
            13.0,
            11.33,
            14.0,
            18.33,
            6.0,
            11.33,
            10.33,
            11.0,
            8.0,
            8.33,
            15.0,
            9.0,
            11.67,
            11.0,
            16.0,
            7.0,
            9.0,
            11.0,
            9.33,
            5.33,
            8.0,
            9.0,
            12.0,
            4.33,
            7.0,
            6.0,
            5.33,
            5.0,
            11.0,
            6.0,
            9.33,
            7.0,
            9.0,
            9.0,
            13.0,
            22.0,
            12.33,
            8.0,
            8.0,
            18.0,
            5.0,
            6.33,
            9.0,
            3.0,
            16.0,
            9.0,
            5.0,
            10.0,
            6.0,
            10.0,
            6.33,
            11.33,
            4.0,
            15.33,
            3.33,
            7.33,
            4.0,
            12.67,
            6.0,
            7.33,
            9.67,
            10.0,
            11.33,
            12.0,
            5.67,
            12.0,
            5.33,
            5.0,
            3.0,
            6.67,
            10.67,
            3.33,
            5.0,
            10.33,
            6.0,
            8.0,
            0.0,
            0.0,
            0.0,
            0.0,
            0.0,
            9.0,
            16.0,
            5.0,
            13.33,
            8.0,
            8.0,
            10.33,
            8.33,
            8.0,
            6.0,
            11.33,
            13.0,
            4.0,
            2.0,
            11.0,
            5.67,
            3.33,
            9.0,
            13.0,
            4.33,
            7.33,
            12.0,
            4.0,
            16.0,
            11.0,
            8.0,
            4.33,
            1.67,
            0.0,
            0.0,
            0.0,
            0.0,
            0.0,
            0.0,
            0.0,
            0.0,
            0.0,
            0.0,
            2.0,
            4.0,
            6.0,
            3.0,
            0.0,
            0.0,
            0.0,
            0.0,
            0.0,
            0.0,
            0.0,
            0.0,
            0.0,
            0.0,
            0.0,
            0.0,
            0.0,
            0.0,
            3.0,
            8.67,
            8.33,
            6.67,
            2.67,
            2.0,
            2.33,
            4.0,
            4.0,
            1.33,
            5.0,
            0.0,
            4.33,
            6.0,
            10.0,
            0.0,
            2.0,
            2.0,
            0.0,
            0.0,
            0.0,
            3.33,
            1.33,
            1.0,
            2.0,
            0.0,
            0.0,
            2.0,
            0.0,
            2.67,
            0.0,
            2.0,
            1.0,
            2.33,
            1.0,
            3.0,
            4.0,
            1.33,
            1.0,
            1.0,
            4.0,
            0.0,
            0.33,
            2.33,
            1.0,
            2.0,
            7.33,
            2.0,
            2.33,
            0.0,
            7.33,
            2.0,
            2.0,
            4.33,
            0.0,
            8.67,
            4.0
        ],
        [
            8.0,
            13.0,
            11.0,
            14.0,
            2.0,
            2.0,
            8.0,
            7.0,
            1.0,
            3.0,
            3.0,
            2.0,
            1.0,
            3.0,
            0.0,
            1.0,
            6.0,
            1.0,
            1.0,
            1.0,
            3.0,
            1.0,
            3.0,
            1.0,
            0.0,
            0.0,
            2.0,
            1.0,
            0.0,
            0.0,
            1.0,
            1.0,
            1.0,
            1.0,
            0.0,
            1.0,
            1.0,
            2.0,
            2.0,
            1.0,
            1.0,
            3.0,
            1.0,
            2.0,
            3.0,
            2.0,
            4.0,
            0.0,
            2.0,
            2.0,
            2.0,
            2.0,
            4.0,
            6.0,
            7.0,
            7.0,
            2.0,
            0.0,
            0.0,
            2.0,
            0.0,
            0.0,
            1.0,
            6.0,
            2.0,
            2.0,
            2.0,
            0.0,
            3.0,
            1.0,
            5.0,
            0.0,
            2.0,
            0.0,
            0.0,
            0.0,
            0.0,
            4.0,
            0.0,
            3.0,
            2.0,
            0.0,
            0.0,
            2.0,
            1.0,
            0.0,
            1.0,
            1.0,
            2.0,
            2.0,
            4.0,
            2.0,
            4.0,
            2.0,
            5.0,
            2.0,
            3.0,
            5.0,
            3.0,
            0.0,
            2.0,
            7.0,
            1.0,
            4.0,
            5.0,
            12.0,
            4.0,
            9.0,
            3.0,
            1.0,
            3.0,
            2.0,
            5.0,
            3.0,
            2.0,
            0.0,
            5.0,
            3.0,
            0.0,
            8.0,
            0.0,
            3.0,
            2.0,
            2.0,
            4.0,
            0.0,
            0.0,
            2.0,
            3.0,
            1.0,
            2.0,
            3.0,
            5.0,
            2.0,
            1.0,
            1.0,
            3.0,
            2.0,
            0.0,
            6.0,
            2.0,
            7.0,
            0.0,
            1.0,
            3.0,
            0.0,
            0.0,
            2.0,
            2.0,
            2.0,
            0.0,
            3.0,
            8.0,
            1.0,
            8.0,
            0.0,
            7.0,
            12.0,
            12.0,
            14.0,
            4.0,
            10.0,
            0.0,
            7.0,
            9.0,
            10.0,
            9.0,
            3.0,
            0.0,
            0.0,
            0.0,
            0.0,
            1.0,
            1.0,
            0.0,
            0.0,
            0.0,
            0.0,
            0.0,
            0.0,
            2.0,
            1.0,
            1.0,
            0.0,
            1.0,
            0.0,
            0.0,
            1.0,
            2.0,
            1.0,
            0.0,
            2.0,
            1.0,
            0.0,
            0.0,
            0.0,
            1.0,
            1.0,
            1.0,
            2.0,
            1.0,
            2.0,
            1.0,
            3.0,
            0.0,
            2.0,
            2.0,
            0.0,
            1.0
        ],
        [
            0.0,
            0.0,
            0.0,
            0.0,
            16.33,
            8.67,
            4.0,
            9.53,
            9.17,
            9.63,
            14.33,
            10.33,
            12.67,
            16.53,
            17.6,
            10.2,
            0.0,
            0.0,
            0.0,
            0.0,
            0.0,
            1.83,
            3.17,
            12.73,
            11.3,
            6.87,
            8.57,
            9.03,
            9.33,
            5.4,
            4.77,
            13.0,
            11.33,
            0.67,
            5.67,
            6.23,
            11.67,
            3.73,
            6.13,
            9.1,
            8.4,
            6.4,
            4.13,
            8.87,
            4.67,
            3.67,
            10.43,
            9.07,
            8.83,
            7.4,
            8.17,
            10.0,
            12.83,
            9.93,
            4.67,
            8.53,
            9.0,
            10.4,
            10.73,
            9.33,
            11.4,
            8.33,
            17.13,
            7.33,
            15.8,
            6.33,
            9.4,
            11.13,
            10.93,
            9.53,
            7.67,
            10.57,
            6.77,
            9.67,
            9.33,
            8.47,
            9.2,
            10.67,
            10.33,
            10.2,
            14.6,
            11.53,
            11.33,
            9.33,
            5.33,
            15.0,
            14.67,
            13.0,
            14.67,
            11.67,
            12.67,
            15.5,
            23.4,
            16.33,
            9.17,
            14.27,
            10.0,
            13.4,
            13.93,
            8.33,
            12.03,
            15.3,
            20.0,
            25.67,
            17.67,
            17.0,
            11.67,
            15.13,
            9.37,
            19.67,
            14.17,
            14.57,
            12.77,
            11.33,
            16.67,
            9.67,
            10.33,
            9.33,
            15.0,
            7.53,
            8.47,
            10.6,
            17.6,
            4.53,
            8.37,
            10.2,
            8.9,
            16.47,
            15.67,
            10.0,
            13.67,
            13.07,
            18.0,
            19.6,
            15.33,
            13.0,
            14.6,
            13.47,
            9.2,
            9.67,
            15.07,
            19.07,
            14.13,
            15.53,
            16.6,
            15.67,
            9.67,
            8.0,
            20.73,
            9.37,
            11.8,
            11.77,
            15.13,
            14.8,
            18.07,
            27.73,
            16.93,
            12.33,
            9.0,
            7.47,
            5.0,
            9.53,
            9.0,
            7.4,
            5.93,
            7.17,
            7.27,
            0.23,
            0.0,
            1.2,
            1.0,
            0.0,
            1.9,
            3.4,
            3.13,
            2.67,
            0.07,
            1.33,
            0.07,
            1.07,
            3.87,
            1.47,
            4.07,
            1.07,
            2.77,
            4.93,
            1.07,
            3.0,
            1.67,
            2.0,
            7.6,
            6.0,
            2.03,
            4.63,
            3.0,
            9.07,
            2.67,
            3.0,
            3.07,
            5.0,
            3.2,
            2.67,
            0.0,
            7.33,
            0.33,
            9.33,
            5.33,
            8.73,
            7.9
        ]
    ],
    "Y_TEST": [
        [
            14.0,
            14.5,
            12.0,
            15.5,
            16.0,
            13.0,
            10.0,
            7.0
        ],
        [
            3.05,
            3.5,
            2.75,
            2.65,
            3.0,
            3.8,
            3.3,
            2.0
        ],
        [
            1.0,
            10.0,
            0.0,
            0.0,
            0.0,
            0.0,
            0.0,
            0.0
        ],
        [
            4.0,
            4.0,
            3.17,
            1.0,
            6.0,
            4.0,
            4.0,
            4.0
        ],
        [
            5.0,
            3.0,
            2.0,
            0.0,
            2.0,
            0.0,
            0.0,
            2.0
        ],
        [
            2.0,
            1.0,
            4.0,
            3.0,
            4.0,
            1.0,
            1.0,
            2.0
        ],
        [
            0.0,
            9.0,
            1.0,
            0.0,
            8.0,
            9.0,
            2.0,
            4.0
        ],
        [
            1.0,
            8.0,
            3.33,
            0.0,
            1.0,
            3.0,
            6.0,
            0.0
        ],
        [
            1.0,
            2.0,
            1.0,
            1.0,
            0.0,
            4.0,
            2.0,
            0.0
        ],
        [
            0.33,
            3.03,
            5.33,
            4.37,
            6.3,
            0.0,
            0.0,
            0.0
        ]
    ]
}